<?xml version="1.0" encoding="UTF-8"?>
<!DOCTYPE mapper PUBLIC "-//mybatis.org//DTD Mapper 3.0//EN" "http://mybatis.org/dtd/mybatis-3-mapper.dtd">
<mapper namespace="com.display.backoffice.sts.cnt.mapper.ContentFileManagerMapper">


<select id="selectFilePageListByPagination" resultType="ContentFileInfoVO">
        SELECT  TB.* FROM (
        
	        SELECT X.* FROM (
				      	SELECT a.ATCH_FILE_ID, SUBSTRING_INDEX(FILE_STRE_COURS, '/',-3) AS FILE_STRE_COURS, 
				      		   a.STRE_FILE_NM, a.FILE_EXTSN, 
				      	       a.REPORT_SEQ, a.FILE_THUMNAIL
				      	          , a.ORIGNL_FILE_NM
				      	          , CASE 
				                      WHEN  a.FILE_EXTSN IN ('mp4', 'avi', 'mpeg') THEN 'MEDIA'
				                      WHEN  a.FILE_EXTSN IN ('jpg', 'jpeg', 'gif', 'png', 'bmp') THEN 'IMAGE'
				                      WHEN  a.FILE_EXTSN IN ('mp3', 'wav', 'mid') THEN 'MUSIC'
				                   END AS mediaType ,
				                   a.PLAY_TIME, a.FILE_WIDTH  , a.FILE_HEIGHT, 
				                   a.UseYN
				      	FROM LETTNFILEDETAIL a
				      	WHERE 1=1
				      	   <if test="searchKeyword != ''">
								<choose>
									<when test="searchCondition == 'atchFileId'">
										AND A.STRE_FILE_NM LIKE  CONCAT('%',#{searchKeyword},'%')
									</when>							
									<otherwise>
									    AND A.ORIGNL_FILE_NM LIKE CONCAT('%',#{searchKeyword},'%') 
									</otherwise>
								</choose>
					       </if> 						
					    ORDER BY a.ATCH_FILE_ID  DESC
	              )X
	              WHERE 1=1 
	              <if test="conType != '' ">
					   AND X.mediaType = #{conType} 
				  </if>		
				  <if test="notConType != null ">
				       AND X.mediaType != #{notConType}
				  </if>     	      
		        ) TB 
	        limit  #{firstIndex} , #{recordCountPerPage}      	
   </select>
         
    <select id="selectFilePageListByPaginationTotCnt_S" resultType="java.lang.Integer">
           SELECT IFNULL(COUNT(*),0)  FROM  
            (
                SELECT CASE 
                        WHEN  FILE_EXTSN IN ('mp4', 'avi', 'mpeg') THEN 'MEDIA'
                        WHEN  FILE_EXTSN IN ('jpg', 'jpeg', 'gif', 'png', 'bmp') THEN 'IMAGE'
                        WHEN  FILE_EXTSN IN ('mp3', 'wav', 'mid') THEN 'MUSIC'
                      END AS mediaType
                 FROM LETTNFILEDETAIL
                 WHERE 1=1
				     <if test="searchKeyword != ''">
						<choose>
							<when test="searchCondition == 'atchFileId'">
								and STRE_FILE_NM LIKE  CONCAT('%',#{searchKeyword},'%')
							</when>							
							<otherwise>
							   and ORIGNL_FILE_NM LIKE CONCAT('%',#{searchKeyword},'%') 
							</otherwise>
						</choose>
				     </if>            
            ) X
            WHERE 1=1 
           	<if test="conType != '' ">
				   AND X.mediaType = #{conType} 
			</if>
			<if test="notConType != null ">
			       AND X.mediaType != #{notConType}
			</if>     	      	       
    </select>  
    <select id="fileDelInfo" resultType="ContentFileInfo">
       SELECT STRE_FILE_NM, FILE_STRE_COURS  
       FROM LETTNFILEDETAIL
       WHERE REPORT_SEQ in 
       <foreach collection="list" item="item" index="index" open="(" separator="," close=")">
              #{item}
       </foreach>
    </select>
    <select id="selectFileListTotCnt_S"  resultType="java.lang.Integer">
        SELECT IFNULL(COUNT(*),0)
        FROM    LETTNFILEDETAIL
        WHERE con_seq =  #{conSeq}		        
   </select>
   
   <select id="selectFileDetail" resultType="ContentFileInfoVO">
	     SELECT ATCH_FILE_ID, CONCAT('/', SUBSTRING_INDEX(FILE_STRE_COURS, '/',-3))  AS FILE_STRE_COURS, STRE_FILE_NM, ORIGNL_FILE_NM, 
	            FILE_EXTSN, FILE_SIZE, REPORT_SEQ, FILE_THUMNAIL
	            , CASE 
	                     WHEN  FILE_EXTSN IN ('mp4', 'avi', 'mpeg') THEN 'MEDIA'
	                     WHEN  FILE_EXTSN IN ('jpg', 'jpeg', 'gif', 'png', 'bmp') THEN 'IMAGE'
	                     WHEN  FILE_EXTSN IN ('url') THEN 'URL'
	              END AS mediaType 
	            , FILE_WIDTH, FILE_HEIGHT, PLAY_TIME
	     FROM LETTNFILEDETAIL
	     WHERE ATCH_FILE_ID = #{atchFileId}
   </select>
   <insert id="insertFileManage" >
   
        INSERT INTO TB_REPORTINFO( REPORT_TITLE, REPORT_DC, REPORT_URL, REPORT_GUBUN, 
                                    REPORT_UESYN, FRST_REGIST_PNTTM, FRST_REGISTER_ID, LAST_UPDT_PNTTM, LAST_UPDUSR_ID, REPORT_PREVIEW)
        VALUES (#{orignlFileNm}, #{streFileNm}, #{fileStreCours}, #{reportGubun}
              , 'Y',  now(), #{userId,jdbcType=VARCHAR},  now() , #{userId,jdbcType=VARCHAR}, #{fileThumnail ,jdbcType=VARCHAR});
                      
        INSERT INTO LETTNFILEDETAIL(ATCH_FILE_ID, FILE_STRE_COURS, STRE_FILE_NM, ORIGNL_FILE_NM, FILE_EXTSN, FILE_SIZE, 
        FILE_THUMNAIL, PLAY_TIME, FRST_REGISTER_ID, FRST_REGIST_PNTTM, REPORT_SEQ,FILE_WIDTH, FILE_HEIGHT )
        VALUES ( #{atchFileId} , #{fileStreCours}, #{streFileNm}, #{orignlFileNm}, #{fileExtsn}  , #{fileSize}, 
        #{fileThumnail ,jdbcType=VARCHAR}   , #{playTime,  jdbcType=VARCHAR }, #{userId,jdbcType=VARCHAR},  now(),
        (SELECT MAX(REPORT_SEQ) FROM TB_REPORTINFO),  #{fileWidth,  jdbcType=VARCHAR },  #{fileHeight,  jdbcType=VARCHAR }
         )         
   </insert>
   <update id="updateFileManage">
          UPDATE LETTNFILEDETAIL SET FILE_STRE_COURS =  #{fileStreCours}, 
                                     STRE_FILE_NM =     #{streFileNm},
                                     ORIGNL_FILE_NM =     #{orignlFileNm},
                                     FILE_EXTSN =     #{fileExtsn},
                                     FILE_SIZE =     #{fileSize},
                                     PLAY_TIME =     #{playTime,jdbcType=VARCHAR},
                                     FILE_WIDTH = #{fileWidth,jdbcType=VARCHAR}, 
                                     FILE_HEIGHT =  #{fileHeight,jdbcType=VARCHAR}
         WHERE ATCH_FILE_ID = #{atchFileId}
   </update>
   <update id="updateFileDetailInfo">
   	    UPDATE LETTNFILEDETAIL SET PLAY_TIME = #{playTime,jdbcType=VARCHAR},
                                   FILE_WIDTH = #{fileWidth,jdbcType=VARCHAR}, 
                                   FILE_HEIGHT =  #{fileHeight,jdbcType=VARCHAR} 
   	    WHERE ATCH_FILE_ID = #{atchFileId}
   </update>
   <update id="updateFileManageUseYn">
        UPDATE LETTNFILEDETAIL SET UseYN =  #{useYn}                  
        WHERE ATCH_FILE_ID = #{atchFileId}
   </update>
      
   <delete id="deleteFileManage">
        DELETE FROM LETTNFILEDETAIL WHERE ATCH_FILE_ID = #{atchFileId}   
   </delete>
   
   <delete id="deleteFileListManage">
        DELETE FROM LETTNFILEDETAIL 
        WHERE REPORT_SEQ IN 
                <foreach collection="list" item="item" index="index" open="(" separator="," close=")">
		              #{item}
		       </foreach>
   </delete>
              
</mapper>